amino_acid,frequency,v_family,j_family,combined,target
CASSQESGTATYEQYF,0.034998551454311744,TCRBV04,TCRBJ02,CASSQESGTATYEQYF_TCRBV04_TCRBJ02,-
CASSLQGANYGYTF,0.029735970905326987,TCRBV27,TCRBJ01,CASSLQGANYGYTF_TCRBV27_TCRBJ01,-
CASSQETGLSYEQYF,0.008601267407159472,TCRBV04,TCRBJ02,CASSQETGLSYEQYF_TCRBV04_TCRBJ02,-
CASSYGGEQYF,0.007875588207994284,TCRBV06,TCRBJ02,CASSYGGEQYF_TCRBV06_TCRBJ02,-
CASSLGGQGAGETQYF,0.007576034585083074,TCRBV28,TCRBJ02,CASSLGGQGAGETQYF_TCRBV28_TCRBJ02,-
CASSYLGNTEAFF,0.007410084690700336,TCRBV06,TCRBJ01,CASSYLGNTEAFF_TCRBV06_TCRBJ01,-
CASSLTRNTEAFF,0.005951694517184253,TCRBV28,TCRBJ01,CASSLTRNTEAFF_TCRBV28_TCRBJ01,-
CASRDGQGNTEAFF,0.005089598879416306,TCRBV06,TCRBJ01,CASRDGQGNTEAFF_TCRBV06_TCRBJ01,-
CASRGDGGNQPQHF,0.0050670971988220365,TCRBV06,TCRBJ01,CASRGDGGNQPQHF_TCRBV06_TCRBJ01,-
CASSPSWGRYEQYF,0.004244379502094063,TCRBV06,TCRBJ02,CASSPSWGRYEQYF_TCRBV06_TCRBJ02,-
CASSLRLNTEAFF,0.0035833926346373994,TCRBV13,TCRBJ01,CASSLRLNTEAFF_TCRBV13_TCRBJ01,-
CASSRTGASPLHF,0.003182581449051976,TCRBV05,TCRBJ01,CASSRTGASPLHF_TCRBV05_TCRBJ01,-
CASSKGNTGELFF,0.003143203508012005,TCRBV04,TCRBJ02,CASSKGNTGELFF_TCRBV04_TCRBJ02,-
CASSPGGDQPQHF,0.00313195266771487,TCRBV18,TCRBJ01,CASSPGGDQPQHF_TCRBV18_TCRBJ01,-
CASSATSGSWNEQFF,0.0026200394341952416,TCRBV06,TCRBJ02,CASSATSGSWNEQFF_TCRBV06_TCRBJ02,-
CSASRDRTYEQYF,0.0024372132793668037,TCRBV20,TCRBJ02,CSASRDRTYEQYF_TCRBV20_TCRBJ02,-
CASSFKGAATEAFF,0.0023331430066183072,TCRBV27,TCRBJ01,CASSFKGAATEAFF_TCRBV27_TCRBJ01,-
CASSLSRGAFF,0.002328923941506881,TCRBV07,TCRBJ01,CASSLSRGAFF_TCRBV07_TCRBJ01,-
CASSISGFYEQYF,0.002257199834612648,TCRBV05,TCRBJ02,CASSISGFYEQYF_TCRBV05_TCRBJ02,-
CASSQGARNEQFF,0.002160161337049861,TCRBV07,TCRBJ02,CASSQGARNEQFF_TCRBV07_TCRBJ02,-
CASSYSRTGGNEQYF,0.002074373679784209,TCRBV06,TCRBJ02,CASSYSRTGGNEQYF_TCRBV06_TCRBJ02,-
CASSFRKTQYF,0.002072967324747067,TCRBV07,TCRBJ02,CASSFRKTQYF_TCRBV07_TCRBJ02,-
CASSDRTDNQPQHF,0.002012494058149968,TCRBV02,TCRBJ01,CASSDRTDNQPQHF_TCRBV02_TCRBJ01,-
CASSLWGGGSSYNEQFF,0.001970303407035713,TCRBV27,TCRBJ02,CASSLWGGGSSYNEQFF_TCRBV27_TCRBJ02,-
CASSLGGYNEQFF,0.0018718585544357843,TCRBV28,TCRBJ02,CASSLGGYNEQFF_TCRBV28_TCRBJ02,-
CASSLAHYNEQFF,0.0017677882816872887,TCRBV12,TCRBJ02,CASSLAHYNEQFF_TCRBV12_TCRBJ02,-
CASSYGVGTEAFF,0.0015793367067102825,TCRBV06,TCRBJ01,CASSYGVGTEAFF_TCRBV06_TCRBJ01,-
CASRTTTGNTEAFF,0.001471047368850361,TCRBV12,TCRBJ01,CASRTTTGNTEAFF_TCRBV12_TCRBJ01,-
CASSLGGRTYEQYF,0.0014640155936646519,TCRBV07,TCRBJ02,CASSLGGRTYEQYF_TCRBV07_TCRBJ02,-
CASSDPGQGSGANVLTF,0.0013979169069189856,TCRBV09,TCRBJ02,CASSDPGQGSGANVLTF_TCRBV09_TCRBJ02,-
CASSYSSGEQYF,0.0013894787766961345,TCRBV06,TCRBJ02,CASSYSSGEQYF_TCRBV06_TCRBJ02,-
CASSLRETGNTEAFF,0.0013655707410647232,TCRBV05,TCRBJ01,CASSLRETGNTEAFF_TCRBV05_TCRBJ01,-
CASSQDMGSYNEQFF,0.0013290055100990356,TCRBV04,TCRBJ02,CASSQDMGSYNEQFF_TCRBV04_TCRBJ02,-
CASSVGQGTDEQYF,0.0012825957938733554,TCRBV09,TCRBJ02,CASSVGQGTDEQYF_TCRBV09_TCRBJ02,-
CASSQETGIYEQYF,0.0012544686931305182,TCRBV04,TCRBJ02,CASSQETGIYEQYF_TCRBV04_TCRBJ02,-
CASTFTDTQYF,0.001230560657499107,TCRBV06,TCRBJ02,CASTFTDTQYF_TCRBV06_TCRBJ02,-
CATTRGSNQPQHF,0.0011897763614219935,TCRBV28,TCRBJ01,CATTRGSNQPQHF_TCRBV28_TCRBJ01,-
CASSSQGATEAFF,0.0011222713196391856,TCRBV06,TCRBJ01,CASSSQGATEAFF_TCRBV06_TCRBJ01,-
CASSLGTDTTNEKLFF,0.0010716425383020794,TCRBV05,TCRBJ01,CASSLGTDTTNEKLFF_TCRBV05_TCRBJ01,-
CASSLVGRGREQYF,0.0010617980530420866,TCRBV27,TCRBJ02,CASSLVGRGREQYF_TCRBV27_TCRBJ02,-
CASSLSTSNEQFF,0.0010519535677820935,TCRBV07,TCRBJ02,CASSLSTSNEQFF_TCRBV07_TCRBJ02,-
CASGGTVYEQYF,0.0010364836623735336,TCRBV06,TCRBJ02,CASGGTVYEQYF_TCRBV06_TCRBJ02,-
CASSLSSHTEAFF,0.0009971057213335624,TCRBV27,TCRBJ01,CASSLSSHTEAFF_TCRBV27_TCRBJ01,-
CASSAYSEAFF,0.000990073946147853,TCRBV05,TCRBJ01,CASSAYSEAFF_TCRBV05_TCRBJ01,-
CSVKSGYTEAFF,0.0009830421709621435,TCRBV29,TCRBJ01,CSVKSGYTEAFF_TCRBV29_TCRBJ01,-
CASSLSGTSYEQYF,0.000971791330665009,TCRBV07,TCRBJ02,CASSLSGTSYEQYF_TCRBV07_TCRBJ02,-
CASSHGLAGYNEQFF,0.0009563214252564489,TCRBV11,TCRBJ02,CASSHGLAGYNEQFF_TCRBV11_TCRBJ02,-
CAISPGHTYEQYF,0.0009521023601450232,TCRBV10,TCRBJ02,CAISPGHTYEQYF_TCRBV10_TCRBJ02,-
CASSQDGNGELFF,0.0009028799338450592,TCRBV04,TCRBJ02,CASSQDGNGELFF_TCRBV04_TCRBJ02,-
CASSLETGSYEQYF,0.0008705337679907968,TCRBV04,TCRBJ02,CASSLETGSYEQYF_TCRBV04_TCRBJ02,-
CASSKNTYEQYF,0.0008241240517651163,TCRBV06,TCRBJ02,CASSKNTYEQYF_TCRBV06_TCRBJ02,-
CASSRQATGNTIYF,0.000817092276579407,TCRBV04,TCRBJ01,CASSRQATGNTIYF_TCRBV04_TCRBJ01,-
CASSLEAGGSGANVLTF,0.0008156859215422653,TCRBV05,TCRBJ02,CASSLEAGGSGANVLTF_TCRBV05_TCRBJ02,-
CASSLMGLAGGEQYF,0.0008114668564308397,TCRBV06,TCRBJ02,CASSLMGLAGGEQYF_TCRBV06_TCRBJ02,-
CASSLPGLGSYEQYF,0.0008016223711708469,TCRBV05,TCRBJ02,CASSLPGLGSYEQYF_TCRBV05_TCRBJ02,-
CASSAGLAGFTDTQYF,0.0007594317200565918,TCRBV03,TCRBJ02,CASSAGLAGFTDTQYF_TCRBV03_TCRBJ02,-
CASSLALAGVGELFF,0.0007509935898337407,TCRBV05,TCRBJ02,CASSLALAGVGELFF_TCRBV05_TCRBJ02,-
CASSFDSYEQYF,0.0007411491045737479,TCRBV05,TCRBJ02,CASSFDSYEQYF_TCRBV05_TCRBJ02,-
CASSQVGIATNEKLFF,0.0007017711635337764,TCRBV04,TCRBJ01,CASSQVGIATNEKLFF_TCRBV04_TCRBJ01,-
CASSGVRGSSYNEQFF,0.0006975520984223508,TCRBV07,TCRBJ02,CASSGVRGSSYNEQFF_TCRBV07_TCRBJ02,-
CASRAQGVSNQPQHF,0.0006764567728652233,TCRBV02,TCRBJ01,CASRAQGVSNQPQHF_TCRBV02_TCRBJ01,-
CASSAGFSYEQYF,0.0006412978969366777,TCRBV02,TCRBJ02,CASSAGFSYEQYF_TCRBV02_TCRBJ02,-
CASSYRLAGDNEQFF,0.0006384851868623938,TCRBV06,TCRBJ02,CASSYRLAGDNEQFF_TCRBV06_TCRBJ02,-
CASSLGREQYF,0.0006328597667138265,TCRBV27,TCRBJ02,CASSLGREQYF_TCRBV27_TCRBJ02,-
CASSLAAGKNTEAFF,0.0005962945357481388,TCRBV07,TCRBJ01,CASSLAAGKNTEAFF_TCRBV07_TCRBJ01,-
CASSPLQGITDTQYF,0.0005822309853767202,TCRBV18,TCRBJ02,CASSPLQGITDTQYF_TCRBV18_TCRBJ02,-
CASSFSGGLYEQYF,0.0005808246303395786,TCRBV07,TCRBJ02,CASSFSGGLYEQYF_TCRBV07_TCRBJ02,-
CASSLLEAGYTF,0.0005751992101910113,TCRBV07,TCRBJ01,CASSLLEAGYTF_TCRBV07_TCRBJ01,-
CASSPNGREQFF,0.0005723865001167277,TCRBV12,TCRBJ02,CASSPNGREQFF_TCRBV12_TCRBJ02,-
CASGLAGNEQFF,0.0005695737900424438,TCRBV12,TCRBJ02,CASGLAGNEQFF_TCRBV12_TCRBJ02,-
CASSQDLLNEQFF,0.0005681674350053018,TCRBV03,TCRBJ02,CASSQDLLNEQFF_TCRBV03_TCRBJ02,-
CASSRQGSNQPQHF,0.0005625420148567346,TCRBV02,TCRBJ01,CASSRQGSNQPQHF_TCRBV02_TCRBJ01,-
CASKASGQETQYF,0.0005569165947081672,TCRBV02,TCRBJ02,CASKASGQETQYF_TCRBV02_TCRBJ02,-
CASSPPTSGSSYEQYF,0.0005541038846338836,TCRBV07,TCRBJ02,CASSPPTSGSSYEQYF_TCRBV07_TCRBJ02,-
CASSFGFGEQFF,0.0005273831389281887,TCRBV12,TCRBJ02,CASSFGFGEQFF_TCRBV12_TCRBJ02,-
CASSTRDRVYEQYF,0.000524570428853905,TCRBV05,TCRBJ02,CASSTRDRVYEQYF_TCRBV05_TCRBJ02,-
CASSQDRTASYEQYF,0.000524570428853905,TCRBV04,TCRBJ02,CASSQDRTASYEQYF_TCRBV04_TCRBJ02,-
CASSLSRYQPQHF,0.000524570428853905,TCRBV12,TCRBJ01,CASSLSRYQPQHF_TCRBV12_TCRBJ01,-
CASSLNLDNEQFF,0.0005203513637424796,TCRBV05,TCRBJ02,CASSLNLDNEQFF_TCRBV05_TCRBJ02,-
CASTPGQGLNEQFF,0.0004992560381853518,TCRBV06,TCRBJ02,CASTPGQGLNEQFF_TCRBV06_TCRBJ02,-
CASSFTRTDTQYF,0.0004950369730739265,TCRBV27,TCRBJ02,CASSFTRTDTQYF_TCRBV27_TCRBJ02,-
CASSRTGTVSYEQYF,0.0004908179079625009,TCRBV06,TCRBJ02,CASSRTGTVSYEQYF_TCRBV06_TCRBJ02,-
CASSLLGGPQHF,0.0004908179079625009,TCRBV27,TCRBJ01,CASSLLGGPQHF_TCRBV27_TCRBJ01,-
CASSLTGGTGELFF,0.0004908179079625009,TCRBV07,TCRBJ02,CASSLTGGTGELFF_TCRBV07_TCRBJ02,-
CASSLLTGNTEAFF,0.0004837861327767918,TCRBV04,TCRBJ01,CASSLLTGNTEAFF_TCRBV04_TCRBJ01,-
CASSVDSYTGELFF,0.00047816071262822443,TCRBV09,TCRBJ02,CASSVDSYTGELFF_TCRBV09_TCRBJ02,-
CASSLGQGTDTQYF,0.00047534800255394073,TCRBV05,TCRBJ02,CASSLGQGTDTQYF_TCRBV05_TCRBJ02,-
CASSQVWSGNTIYF,0.000447220901811104,TCRBV04,TCRBJ01,CASSQVWSGNTIYF_TCRBV04_TCRBJ01,-
CASSLREGRETQYF,0.0004430018366996785,TCRBV05,TCRBJ02,CASSLREGRETQYF_TCRBV05_TCRBJ02,-
CASSSHNEQYF,0.00043737641655111116,TCRBV06,TCRBJ02,CASSSHNEQYF_TCRBV06_TCRBJ02,-
CASSLGETQYF,0.00043597006151396936,TCRBV07,TCRBJ02,CASSLGETQYF_TCRBV07_TCRBJ02,-
CASSSGVNTEAFF,0.0004331573514396857,TCRBV27,TCRBJ01,CASSSGVNTEAFF_TCRBV27_TCRBJ01,-
CAISESATDTQYF,0.00042893828632826017,TCRBV10,TCRBJ02,CAISESATDTQYF_TCRBV10_TCRBJ02,-
CASSLGGSTNEKLFF,0.0004275319312911183,TCRBV07,TCRBJ01,CASSLGGSTNEKLFF_TCRBV07_TCRBJ01,-
CASSWGTGELFF,0.00042612557625397647,TCRBV06,TCRBJ02,CASSWGTGELFF_TCRBV06_TCRBJ02,-
CASMGSGNTIYF,0.00042612557625397647,TCRBV06,TCRBJ01,CASMGSGNTIYF_TCRBV06_TCRBJ01,-
CASSPPIGNTIYF,0.0004176874460311255,TCRBV19,TCRBJ01,CASSPPIGNTIYF_TCRBV19_TCRBJ01,-
CASRPTGRGTEAFF,0.0004162810909939836,TCRBV12,TCRBJ01,CASRPTGRGTEAFF_TCRBV12_TCRBJ01,-
CASSLGGVGQPQHF,0.0004134683809196999,TCRBV07,TCRBJ01,CASSLGGVGQPQHF_TCRBV07_TCRBJ01,-
CASSPLYEQYF,0.0003853412801768632,TCRBV28,TCRBJ02,CASSPLYEQYF_TCRBV28_TCRBJ02,-
CASSLNPTGGYTF,0.0003797158600282959,TCRBV07,TCRBJ01,CASSLNPTGGYTF_TCRBV07_TCRBJ01,-
CASSDPGQQETQYF,0.0003783095049911541,TCRBV05,TCRBJ02,CASSDPGQQETQYF_TCRBV05_TCRBJ02,-
CASSPNSYEQYF,0.0003769031499540122,TCRBV07,TCRBJ02,CASSPNSYEQYF_TCRBV07_TCRBJ02,-
CASSSGISYNEQFF,0.0003769031499540122,TCRBV06,TCRBJ02,CASSSGISYNEQFF_TCRBV06_TCRBJ02,-
CASRGLDTGELFF,0.000369871374768303,TCRBV05,TCRBJ02,CASRGLDTGELFF_TCRBV05_TCRBJ02,-
CASSLRGGTEAFF,0.0003684650197311612,TCRBV07,TCRBJ01,CASSLRGGTEAFF_TCRBV07_TCRBJ01,-
CASSLGTGAYEQYF,0.0003642459546197357,TCRBV05,TCRBJ02,CASSLGTGAYEQYF_TCRBV05_TCRBJ02,-
CASTPLAANTGELFF,0.0003642459546197357,TCRBV05,TCRBJ02,CASTPLAANTGELFF_TCRBV05_TCRBJ02,-
CASGRSYNEQFF,0.00035721417943402646,TCRBV07,TCRBJ02,CASGRSYNEQFF_TCRBV07_TCRBJ02,-
CASTPRGLTEAFF,0.00035299511432260096,TCRBV03,TCRBJ01,CASTPRGLTEAFF_TCRBV03_TCRBJ01,-
CASSPPTESYGYTF,0.00035299511432260096,TCRBV18,TCRBJ01,CASSPPTESYGYTF_TCRBV18_TCRBJ01,-
CASSQETGGGYEQYF,0.0003515887592854591,TCRBV04,TCRBJ02,CASSQETGGGYEQYF_TCRBV04_TCRBJ02,-
CASSPGTGYTEAFF,0.0003501824042483173,TCRBV04,TCRBJ01,CASSPGTGYTEAFF_TCRBV04_TCRBJ01,-
CASSPPTGREQYF,0.0003431506290626081,TCRBV06,TCRBJ02,CASSPPTGREQYF_TCRBV06_TCRBJ02,-
CASSRGINEKLFF,0.0003431506290626081,TCRBV18,TCRBJ01,CASSRGINEKLFF_TCRBV18_TCRBJ01,-
CASSLLGPDEQYF,0.00034174427402546627,TCRBV05,TCRBJ02,CASSLLGPDEQYF_TCRBV05_TCRBJ02,-
CASSSEGTGELFF,0.0003389315639511826,TCRBV06,TCRBJ02,CASSSEGTGELFF_TCRBV06_TCRBJ02,-
CASSLMGQGATEAFF,0.00033752520891404083,TCRBV05,TCRBJ01,CASSLMGQGATEAFF_TCRBV05_TCRBJ01,-
CASRPEAGELFF,0.00033611885387689887,TCRBV27,TCRBJ02,CASRPEAGELFF_TCRBV27_TCRBJ02,-
CASSYSAVSYEQYF,0.00033049343372833163,TCRBV06,TCRBJ02,CASSYSAVSYEQYF_TCRBV06_TCRBJ02,-
CASSYSLAGSEQYF,0.0003290870786911897,TCRBV06,TCRBJ02,CASSYSLAGSEQYF_TCRBV06_TCRBJ02,-
CSVLTSGGTDTQYF,0.0003262743686169061,TCRBV29,TCRBJ02,CSVLTSGGTDTQYF_TCRBV29_TCRBJ02,-
CASSQGTASTGELFF,0.00032486801357976423,TCRBV04,TCRBJ02,CASSQGTASTGELFF_TCRBV04_TCRBJ02,-
CASSWGQTNEQFF,0.0003234616585426224,TCRBV05,TCRBJ02,CASSWGQTNEQFF_TCRBV05_TCRBJ02,-
CASSPQGTSGSYEQYF,0.0003192425934311969,TCRBV28,TCRBJ02,CASSPQGTSGSYEQYF_TCRBV28_TCRBJ02,-
CASSPRRNTEAFF,0.0003192425934311969,TCRBV27,TCRBJ01,CASSPRRNTEAFF_TCRBV27_TCRBJ01,-
CASSLAGGEGEKLFF,0.00031783623839405504,TCRBV05,TCRBJ01,CASSLAGGEGEKLFF_TCRBV05_TCRBJ01,-
CASSTTSGSWYEQYF,0.00031361717328262954,TCRBV06,TCRBJ02,CASSTTSGSWYEQYF_TCRBV06_TCRBJ02,-
CASSTPGGASYEQYF,0.0003122108182454877,TCRBV28,TCRBJ02,CASSTPGGASYEQYF_TCRBV28_TCRBJ02,-
CASSRDGQYGYTF,0.0003122108182454877,TCRBV07,TCRBJ01,CASSRDGQYGYTF_TCRBV07_TCRBJ01,-
CASSQASNEQYF,0.00030939810817120404,TCRBV04,TCRBJ02,CASSQASNEQYF_TCRBV04_TCRBJ02,-
CAWSAPTEAFF,0.00030939810817120404,TCRBV30,TCRBJ01,CAWSAPTEAFF_TCRBV30_TCRBJ01,-
CASSRGGAGNYGYTF,0.0003079917531340622,TCRBV06,TCRBJ01,CASSRGGAGNYGYTF_TCRBV06_TCRBJ01,-
CASSLLAGGPYEQYF,0.00030658539809692034,TCRBV07,TCRBJ02,CASSLLAGGPYEQYF_TCRBV07_TCRBJ02,-
CASSSGGGYTF,0.0002995536229112112,TCRBV27,TCRBJ01,CASSSGGGYTF_TCRBV27_TCRBJ01,-
CASSLGTSSTDTQYF,0.0002967409128369275,TCRBV05,TCRBJ02,CASSLGTSSTDTQYF_TCRBV05_TCRBJ02,-
CASSLQGPDTQYF,0.00029533455779978565,TCRBV05,TCRBJ02,CASSLQGPDTQYF_TCRBV05_TCRBJ02,-
CASSEGGLEETQYF,0.00029111549268836016,TCRBV02,TCRBJ02,CASSEGGLEETQYF_TCRBV02_TCRBJ02,-
CASKGDYQETQYF,0.0002897091376512183,TCRBV28,TCRBJ02,CASKGDYQETQYF_TCRBV28_TCRBJ02,-
CASSDSSGSYNEQFF,0.0002883027826140765,TCRBV06,TCRBJ02,CASSDSSGSYNEQFF_TCRBV06_TCRBJ02,-
CASSPPTESYGYTF,0.0002868964275769346,TCRBV18,TCRBJ01,CASSPPTESYGYTF_TCRBV18_TCRBJ01,-
CASSLKQGGNEQFF,0.0002854900725397928,TCRBV27,TCRBJ02,CASSLKQGGNEQFF_TCRBV27_TCRBJ02,-
CASSDDSNEQFF,0.0002812710074283673,TCRBV06,TCRBJ02,CASSDDSNEQFF_TCRBV06_TCRBJ02,-
CASVGLSYEQYF,0.0002784582973540836,TCRBV02,TCRBJ02,CASVGLSYEQYF_TCRBV02_TCRBJ02,-
CASSGYRGNTEAFF,0.0002770519423169418,TCRBV09,TCRBJ01,CASSGYRGNTEAFF_TCRBV09_TCRBJ01,-
CASSLVMNTGELFF,0.0002756455872798,TCRBV05,TCRBJ02,CASSLVMNTGELFF_TCRBV05_TCRBJ02,-
CASSRGETQYF,0.0002756455872798,TCRBV03,TCRBJ02,CASSRGETQYF_TCRBV03_TCRBJ02,-
CASSESAGNTDTQYF,0.0002742392322426581,TCRBV06,TCRBJ02,CASSESAGNTDTQYF_TCRBV06_TCRBJ02,-
CASSGLQGNYGYTF,0.00027283287720551627,TCRBV06,TCRBJ01,CASSGLQGNYGYTF_TCRBV06_TCRBJ01,-
CASSFGDRSTEAFF,0.00027283287720551627,TCRBV07,TCRBJ01,CASSFGDRSTEAFF_TCRBV07_TCRBJ01,-
CASSLAGFHNEQFF,0.00027142652216837447,TCRBV05,TCRBJ02,CASSLAGFHNEQFF_TCRBV05_TCRBJ02,-
CASRAGGANTGELFF,0.00027142652216837447,TCRBV05,TCRBJ02,CASRAGGANTGELFF_TCRBV05_TCRBJ02,-
CASSLSRVGNQPQHF,0.0002700201671312326,TCRBV27,TCRBJ01,CASSLSRVGNQPQHF_TCRBV27_TCRBJ01,-
CASSSRGGSEAFF,0.0002700201671312326,TCRBV07,TCRBJ01,CASSSRGGSEAFF_TCRBV07_TCRBJ01,-
CASSDSGHSNQPQHF,0.0002686138120940908,TCRBV06,TCRBJ01,CASSDSGHSNQPQHF_TCRBV06_TCRBJ01,-
CASRWTGDYGYTF,0.0002672074570569489,TCRBV05,TCRBJ01,CASRWTGDYGYTF_TCRBV05_TCRBJ01,-
CASSSRLAGNTGELFF,0.0002629883919455233,TCRBV18,TCRBJ02,CASSSRLAGNTGELFF_TCRBV18_TCRBJ02,-
CASSLRQGAYNEQFF,0.0002629883919455233,TCRBV07,TCRBJ02,CASSLRQGAYNEQFF_TCRBV07_TCRBJ02,-
CASGGRAYEQYF,0.0002601756818712398,TCRBV06,TCRBJ02,CASGGRAYEQYF_TCRBV06_TCRBJ02,-
CASSLNRGNQPQHF,0.00025876932683409793,TCRBV12,TCRBJ01,CASSLNRGNQPQHF_TCRBV12_TCRBJ01,-
CASSLGRFNEKLFF,0.0002573629717969561,TCRBV28,TCRBJ01,CASSLGRFNEKLFF_TCRBV28_TCRBJ01,-
CASSLDTYGYTF,0.0002559566167598143,TCRBV05,TCRBJ01,CASSLDTYGYTF_TCRBV05_TCRBJ01,-
CAGGGPGANVLTF,0.0002559566167598143,TCRBV02,TCRBJ02,CAGGGPGANVLTF_TCRBV02_TCRBJ02,-
CASSLKSYEQYF,0.0002545502617226725,TCRBV06,TCRBJ02,CASSLKSYEQYF_TCRBV06_TCRBJ02,-
CASSASRGEQFF,0.00025173755164838884,TCRBV09,TCRBJ02,CASSASRGEQFF_TCRBV09_TCRBJ02,-
CASSLRAGDYNEQFF,0.00025033119661124694,TCRBV06,TCRBJ02,CASSLRAGDYNEQFF_TCRBV06_TCRBJ02,-
CASTDLGSYNEQFF,0.00024751848653696324,TCRBV07,TCRBJ02,CASTDLGSYNEQFF_TCRBV07_TCRBJ02,-
CASSEGTGGDTQYF,0.00024329942142553769,TCRBV09,TCRBJ02,CASSEGTGGDTQYF_TCRBV09_TCRBJ02,-
CASSLRSGRNNEQFF,0.0002418930663883959,TCRBV07,TCRBJ02,CASSLRSGRNNEQFF_TCRBV07_TCRBJ02,-
CASSFPSGGHYEQYF,0.00023908035631411224,TCRBV07,TCRBJ02,CASSFPSGGHYEQYF_TCRBV07_TCRBJ02,-
CASSLGGYYEQYF,0.00023908035631411224,TCRBV18,TCRBJ02,CASSLGGYYEQYF_TCRBV18_TCRBJ02,-
CASSGDGAYEQYF,0.00023908035631411224,TCRBV10,TCRBJ02,CASSGDGAYEQYF_TCRBV10_TCRBJ02,-
CASSSGTGGNEKLFF,0.00023908035631411224,TCRBV05,TCRBJ01,CASSSGTGGNEKLFF_TCRBV05_TCRBJ01,-
CASSLLAGGADTQYF,0.00023486129120268667,TCRBV06,TCRBJ02,CASSLLAGGADTQYF_TCRBV06_TCRBJ02,-
CASSQETGSYEQYF,0.00023345493616554487,TCRBV04,TCRBJ02,CASSQETGSYEQYF_TCRBV04_TCRBJ02,-
CASTPGTGYSPLHF,0.00023204858112840302,TCRBV27,TCRBJ01,CASTPGTGYSPLHF_TCRBV27_TCRBJ01,-
CASSTGGEQFF,0.00023064222609126117,TCRBV06,TCRBJ02,CASSTGGEQFF_TCRBV06_TCRBJ02,-
CASSLGQPSTDTQYF,0.00023064222609126117,TCRBV06,TCRBJ02,CASSLGQPSTDTQYF_TCRBV06_TCRBJ02,-
CASSPYRDSNQPQHF,0.00022923587105411935,TCRBV04,TCRBJ01,CASSPYRDSNQPQHF_TCRBV04_TCRBJ01,-
CASSQDTGYEQYF,0.00022923587105411935,TCRBV04,TCRBJ02,CASSQDTGYEQYF_TCRBV04_TCRBJ02,-
CASSQDRSSGANVLTF,0.000223610450905552,TCRBV04,TCRBJ02,CASSQDRSSGANVLTF_TCRBV04_TCRBJ02,-
CASSFRLAASYEQYF,0.00022079774083126835,TCRBV27,TCRBJ02,CASSFRLAASYEQYF_TCRBV27_TCRBJ02,-
CSARGVGEAFF,0.00021798503075698465,TCRBV20,TCRBJ01,CSARGVGEAFF_TCRBV20_TCRBJ01,-
CASSLSSYNEQFF,0.00021376596564555918,TCRBV07,TCRBJ02,CASSLSSYNEQFF_TCRBV07_TCRBJ02,-
CASREGTGNTEAFF,0.00021095325557127548,TCRBV28,TCRBJ01,CASREGTGNTEAFF_TCRBV28_TCRBJ01,-
CASSLYRGDYEQYF,0.00020954690053413363,TCRBV27,TCRBJ02,CASSLYRGDYEQYF_TCRBV27_TCRBJ02,-
CASSDRNYGYTF,0.00020954690053413363,TCRBV19,TCRBJ01,CASSDRNYGYTF_TCRBV19_TCRBJ01,-
CASSQGGRGQYF,0.0002081405454969918,TCRBV07,TCRBJ02,CASSQGGRGQYF_TCRBV07_TCRBJ02,-
CASSYNTYEQYF,0.0002081405454969918,TCRBV06,TCRBJ02,CASSYNTYEQYF_TCRBV06_TCRBJ02,-
CASSESVHQPQHF,0.00020673419045985,TCRBV06,TCRBJ01,CASSESVHQPQHF_TCRBV06_TCRBJ01,-
CASSWTGQETQYF,0.00020532783542270814,TCRBV25,TCRBJ02,CASSWTGQETQYF_TCRBV25_TCRBJ02,-
CASSFSSTDTQYF,0.00020392148038556632,TCRBV07,TCRBJ02,CASSFSSTDTQYF_TCRBV07_TCRBJ02,-
CASSPGTLQFF,0.00020251512534842452,TCRBV28,TCRBJ02,CASSPGTLQFF_TCRBV28_TCRBJ02,-
CASSRLAGDNEQFF,0.00020251512534842452,TCRBV04,TCRBJ02,CASSRLAGDNEQFF_TCRBV04_TCRBJ02,-
CASSILAGYTDTQYF,0.0001997024152741408,TCRBV19,TCRBJ02,CASSILAGYTDTQYF_TCRBV19_TCRBJ02,-
CASLYGYTF,0.0001982960602369989,TCRBV18,TCRBJ01,CASLYGYTF_TCRBV18_TCRBJ01,-
CASSPSGYTDTQYF,0.0001954833501627153,TCRBV16,TCRBJ02,CASSPSGYTDTQYF_TCRBV16_TCRBJ02,-
CASSQDLLGSYNEQFF,0.0001954833501627153,TCRBV04,TCRBJ02,CASSQDLLGSYNEQFF_TCRBV04_TCRBJ02,-
CASSRDGSYEQYF,0.00019407699512557345,TCRBV05,TCRBJ02,CASSRDGSYEQYF_TCRBV05_TCRBJ02,-
CASSLNGGGETQYF,0.00018985793001414792,TCRBV07,TCRBJ02,CASSLNGGGETQYF_TCRBV07_TCRBJ02,-
CASRETGRYEQYF,0.0001884515749770061,TCRBV07,TCRBJ02,CASRETGRYEQYF_TCRBV07_TCRBJ02,-
CASSLIGTNTGELFF,0.00018704521993986422,TCRBV27,TCRBJ02,CASSLIGTNTGELFF_TCRBV27_TCRBJ02,-
CASSTSGPYEQYF,0.00018704521993986422,TCRBV07,TCRBJ02,CASSTSGPYEQYF_TCRBV07_TCRBJ02,-
CSATGLDYEQYF,0.00018563886490272243,TCRBV20,TCRBJ02,CSATGLDYEQYF_TCRBV20_TCRBJ02,-
CASSLAGTSSYNEQFF,0.00018423250986558058,TCRBV05,TCRBJ02,CASSLAGTSSYNEQFF_TCRBV05_TCRBJ02,-
CASSDSSGSTDTQYF,0.00018282615482843878,TCRBV06,TCRBJ02,CASSDSSGSTDTQYF_TCRBV06_TCRBJ02,-
CASSPVGQNYGYTF,0.00018001344475415508,TCRBV27,TCRBJ01,CASSPVGQNYGYTF_TCRBV27_TCRBJ01,-
CASSRQGASYGYTF,0.00017579437964272956,TCRBV09,TCRBJ01,CASSRQGASYGYTF_TCRBV09_TCRBJ01,-
CASSPDRGRFNEQFF,0.00017579437964272956,TCRBV07,TCRBJ02,CASSPDRGRFNEQFF_TCRBV07_TCRBJ02,-
CASSPSWDTGELFF,0.0001743880246055877,TCRBV09,TCRBJ02,CASSPSWDTGELFF_TCRBV09_TCRBJ02,-
CASSLGTGNTGELFF,0.0001743880246055877,TCRBV12,TCRBJ02,CASSLGTGNTGELFF_TCRBV12_TCRBJ02,-
CASSPGQGYQPQHF,0.0001743880246055877,TCRBV18,TCRBJ01,CASSPGQGYQPQHF_TCRBV18_TCRBJ01,-
CASSPRTGALNTEAFF,0.00017298166956844588,TCRBV04,TCRBJ01,CASSPRTGALNTEAFF_TCRBV04_TCRBJ01,-
CASSSGLAGYEQYF,0.00017157531453130406,TCRBV27,TCRBJ02,CASSSGLAGYEQYF_TCRBV27_TCRBJ02,-
CASSPDSVNTEAFF,0.00017157531453130406,TCRBV11,TCRBJ01,CASSPDSVNTEAFF_TCRBV11_TCRBJ01,-
CASSFRETQYF,0.00017157531453130406,TCRBV07,TCRBJ02,CASSFRETQYF_TCRBV07_TCRBJ02,-
CASSVSSSYNEQFF,0.00017016895949416218,TCRBV09,TCRBJ02,CASSVSSSYNEQFF_TCRBV09_TCRBJ02,-
CASSLTGAGYGYTF,0.00016876260445702041,TCRBV28,TCRBJ01,CASSLTGAGYGYTF_TCRBV28_TCRBJ01,-
CASSELAGGPYTQYF,0.00016876260445702041,TCRBV02,TCRBJ02,CASSELAGGPYTQYF_TCRBV02_TCRBJ02,-
CASSFGTGPNEKLFF,0.00016876260445702041,TCRBV07,TCRBJ01,CASSFGTGPNEKLFF_TCRBV07_TCRBJ01,-
CASSFRGGDYGYTF,0.00016876260445702041,TCRBV12,TCRBJ01,CASSFRGGDYGYTF_TCRBV12_TCRBJ01,-
CASSRDYSNQPQHF,0.00016735624941987854,TCRBV06,TCRBJ01,CASSRDYSNQPQHF_TCRBV06_TCRBJ01,-
CASSKGAGGTDTQYF,0.00016735624941987854,TCRBV04,TCRBJ02,CASSKGAGGTDTQYF_TCRBV04_TCRBJ02,-
CASSQAGQGVETQYF,0.00016735624941987854,TCRBV04,TCRBJ02,CASSQAGQGVETQYF_TCRBV04_TCRBJ02,-
CSASPTGNTEAFF,0.00016735624941987854,TCRBV20,TCRBJ01,CSASPTGNTEAFF_TCRBV20_TCRBJ01,-
CASSQEGYEQYF,0.00016454353934559484,TCRBV07,TCRBJ02,CASSQEGYEQYF_TCRBV07_TCRBJ02,-
CASSPDNEQFF,0.00016454353934559484,TCRBV07,TCRBJ02,CASSPDNEQFF_TCRBV07_TCRBJ02,-
CASSQARSAGELFF,0.00016313718430845304,TCRBV04,TCRBJ02,CASSQARSAGELFF_TCRBV04_TCRBJ02,-
CASSLVNGAGELFF,0.00016313718430845304,TCRBV12,TCRBJ02,CASSLVNGAGELFF_TCRBV12_TCRBJ02,-
CASSFMNTEAFF,0.0001617308292713112,TCRBV12,TCRBJ01,CASSFMNTEAFF_TCRBV12_TCRBJ01,-
CASGAGSAYEQYF,0.0001617308292713112,TCRBV19,TCRBJ02,CASGAGSAYEQYF_TCRBV19_TCRBJ02,-
CASRSDTQYF,0.00015610540912274385,TCRBV27,TCRBJ02,CASRSDTQYF_TCRBV27_TCRBJ02,-
CASSTGRPNTEAFF,0.00015610540912274385,TCRBV05,TCRBJ01,CASSTGRPNTEAFF_TCRBV05_TCRBJ01,-
CASSSPLAGSSYNEQFF,0.00015610540912274385,TCRBV27,TCRBJ02,CASSSPLAGSSYNEQFF_TCRBV27_TCRBJ02,-
CASSLEGRYEQYF,0.00015329269904846014,TCRBV05,TCRBJ02,CASSLEGRYEQYF_TCRBV05_TCRBJ02,-
CASRAGGSTDTQYF,0.00015188634401131835,TCRBV06,TCRBJ02,CASRAGGSTDTQYF_TCRBV06_TCRBJ02,-
CASSLLAGDYNEQFF,0.0001504799889741765,TCRBV06,TCRBJ02,CASSLLAGDYNEQFF_TCRBV06_TCRBJ02,-
CSGETGNYGYTF,0.00014907363393703468,TCRBV29,TCRBJ01,CSGETGNYGYTF_TCRBV29_TCRBJ01,-
CASSHWDSSYEQYF,0.00014907363393703468,TCRBV03,TCRBJ02,CASSHWDSSYEQYF_TCRBV03_TCRBJ02,-
CASSQGLAGSYEQYF,0.00014766727889989285,TCRBV04,TCRBJ02,CASSQGLAGSYEQYF_TCRBV04_TCRBJ02,-
CASRVGMNTEAFF,0.00014766727889989285,TCRBV02,TCRBJ01,CASRVGMNTEAFF_TCRBV02_TCRBJ01,-
CASSLGSRETQYF,0.00014766727889989285,TCRBV12,TCRBJ02,CASSLGSRETQYF_TCRBV12_TCRBJ02,-
CASSPTGTGVQPQHF,0.000146260923862751,TCRBV28,TCRBJ01,CASSPTGTGVQPQHF_TCRBV28_TCRBJ01,-
CASSRSGVLNEKLFF,0.00014485456882560915,TCRBV27,TCRBJ01,CASSRSGVLNEKLFF_TCRBV27_TCRBJ01,-
CASSSDSYEQYF,0.00014485456882560915,TCRBV28,TCRBJ02,CASSSDSYEQYF_TCRBV28_TCRBJ02,-
CSARDLGSGYNEQFF,0.00014485456882560915,TCRBV20,TCRBJ02,CSARDLGSGYNEQFF_TCRBV20_TCRBJ02,-
CASSKGMNTEAFF,0.0001392291486770418,TCRBV11,TCRBJ01,CASSKGMNTEAFF_TCRBV11_TCRBJ01,-
CASSPWTGSYEQYF,0.00013641643860275813,TCRBV03,TCRBJ02,CASSPWTGSYEQYF_TCRBV03_TCRBJ02,-
CATSVGSEQYF,0.0001350100835656163,TCRBV24,TCRBJ02,CATSVGSEQYF_TCRBV24_TCRBJ02,-
CASSLEGGNEKLFF,0.00013360372852847446,TCRBV06,TCRBJ01,CASSLEGGNEKLFF_TCRBV06_TCRBJ01,-
CASSQVRGYEQFF,0.00013360372852847446,TCRBV04,TCRBJ02,CASSQVRGYEQFF_TCRBV04_TCRBJ02,-
CASSPGWRNEQFF,0.00013360372852847446,TCRBV06,TCRBJ02,CASSPGWRNEQFF_TCRBV06_TCRBJ02,-
CASSSYNQPQHF,0.00013219737349133264,TCRBV27,TCRBJ01,CASSSYNQPQHF_TCRBV27_TCRBJ01,-
CASSQGRGFQETQYF,0.00013219737349133264,TCRBV09,TCRBJ02,CASSQGRGFQETQYF_TCRBV09_TCRBJ02,-
CASSLQGANYGYTF,0.0001307910184541908,TCRBV27,TCRBJ01,CASSLQGANYGYTF_TCRBV27_TCRBJ01,-
CASSPVGSSGNTIYF,0.00012938466341704894,TCRBV09,TCRBJ01,CASSPVGSSGNTIYF_TCRBV09_TCRBJ01,-
CASSYGLGDTQYF,0.00012938466341704894,TCRBV07,TCRBJ02,CASSYGLGDTQYF_TCRBV07_TCRBJ02,-
CASSRSPEQYF,0.00012797830837990714,TCRBV28,TCRBJ02,CASSRSPEQYF_TCRBV28_TCRBJ02,-
CASSRPGRLTDTQYF,0.00012797830837990714,TCRBV09,TCRBJ02,CASSRPGRLTDTQYF_TCRBV09_TCRBJ02,-
CATSDLYGETQYF,0.00012516559830562344,TCRBV24,TCRBJ02,CATSDLYGETQYF_TCRBV24_TCRBJ02,-
CASSLQGANYEQYF,0.00012516559830562344,TCRBV27,TCRBJ02,CASSLQGANYEQYF_TCRBV27_TCRBJ02,-
CASSPWDSSGNTIYF,0.00012516559830562344,TCRBV09,TCRBJ01,CASSPWDSSGNTIYF_TCRBV09_TCRBJ01,-
CASSLSRGNTEAFF,0.00012235288823133977,TCRBV27,TCRBJ01,CASSLSRGNTEAFF_TCRBV27_TCRBJ01,-
CAISEGGNNQPQHF,0.00012235288823133977,TCRBV10,TCRBJ01,CAISEGGNNQPQHF_TCRBV10_TCRBJ01,-
CATSQAGGETQYF,0.00012094653319419794,TCRBV24,TCRBJ02,CATSQAGGETQYF_TCRBV24_TCRBJ02,-
CASSSGTGFPGELFF,0.00012094653319419794,TCRBV27,TCRBJ02,CASSSGTGFPGELFF_TCRBV27_TCRBJ02,-
CSARSTGSGNTIYF,0.00011954017815705612,TCRBV20,TCRBJ01,CSARSTGSGNTIYF_TCRBV20_TCRBJ01,-
CASSQYTGYEQYF,0.00011954017815705612,TCRBV04,TCRBJ02,CASSQYTGYEQYF_TCRBV04_TCRBJ02,-
CASSVSPDNEQFF,0.00011954017815705612,TCRBV09,TCRBJ02,CASSVSPDNEQFF_TCRBV09_TCRBJ02,-
CASSKGSSYNEQFF,0.00011813382311991428,TCRBV19,TCRBJ02,CASSKGSSYNEQFF_TCRBV19_TCRBJ02,-
CASSLVAGTGELFF,0.00011813382311991428,TCRBV05,TCRBJ02,CASSLVAGTGELFF_TCRBV05_TCRBJ02,-
CASSQETPSTDTQYF,0.00011813382311991428,TCRBV14,TCRBJ02,CASSQETPSTDTQYF_TCRBV14_TCRBJ02,-
CASSPGQPTDTQYF,0.00011672746808277243,TCRBV05,TCRBJ02,CASSPGQPTDTQYF_TCRBV05_TCRBJ02,-
CASSLGTGNQPQHF,0.00011672746808277243,TCRBV05,TCRBJ01,CASSLGTGNQPQHF_TCRBV05_TCRBJ01,-
CASSLTDSYEQYF,0.00011672746808277243,TCRBV04,TCRBJ02,CASSLTDSYEQYF_TCRBV04_TCRBJ02,-
CASSNSGGGEQYF,0.00011672746808277243,TCRBV07,TCRBJ02,CASSNSGGGEQYF_TCRBV07_TCRBJ02,-
CASSLAAGGVTDTQYF,0.00011532111304563058,TCRBV07,TCRBJ02,CASSLAAGGVTDTQYF_TCRBV07_TCRBJ02,-
CASSLDRNYGYTF,0.00011532111304563058,TCRBV07,TCRBJ01,CASSLDRNYGYTF_TCRBV07_TCRBJ01,-
CASSVGQGAYEQYF,0.00011391475800848878,TCRBV09,TCRBJ02,CASSVGQGAYEQYF_TCRBV09_TCRBJ02,-
CASSPPRGRETQYF,0.00011250840297134693,TCRBV06,TCRBJ02,CASSPPRGRETQYF_TCRBV06_TCRBJ02,-
CASSFPGREQYF,0.00011250840297134693,TCRBV07,TCRBJ02,CASSFPGREQYF_TCRBV07_TCRBJ02,-
CASSYSRTGSYGYTF,0.00011250840297134693,TCRBV06,TCRBJ01,CASSYSRTGSYGYTF_TCRBV06_TCRBJ01,-
CASSPGGGEQYF,0.00011250840297134693,TCRBV07,TCRBJ02,CASSPGGGEQYF_TCRBV07_TCRBJ02,-
CSSSPNSYEQYF,0.00011110204793420508,TCRBV07,TCRBJ02,CSSSPNSYEQYF_TCRBV07_TCRBJ02,-
CASSLITGNTEAFF,0.00011110204793420508,TCRBV11,TCRBJ01,CASSLITGNTEAFF_TCRBV11_TCRBJ01,-
CASSRLYEQYF,0.00011110204793420508,TCRBV03,TCRBJ02,CASSRLYEQYF_TCRBV03_TCRBJ02,-
CASSRGGPDEQYF,0.00010828933785992143,TCRBV05,TCRBJ02,CASSRGGPDEQYF_TCRBV05_TCRBJ02,-
CASSLLTATGELFF,0.00010688298282277958,TCRBV05,TCRBJ02,CASSLLTATGELFF_TCRBV05_TCRBJ02,-
CSATRQGVSYEQYF,0.00010688298282277958,TCRBV20,TCRBJ02,CSATRQGVSYEQYF_TCRBV20_TCRBJ02,-
CASTQSTDTQYF,0.00010688298282277958,TCRBV06,TCRBJ02,CASTQSTDTQYF_TCRBV06_TCRBJ02,-
CASSPKTSGNTDTQYF,0.00010688298282277958,TCRBV18,TCRBJ02,CASSPKTSGNTDTQYF_TCRBV18_TCRBJ02,-
CASRRTGSEQYF,0.00010547662778563774,TCRBV14,TCRBJ02,CASRRTGSEQYF_TCRBV14_TCRBJ02,-
CASSVDGTGDYGYTF,0.0001040702727484959,TCRBV09,TCRBJ01,CASSVDGTGDYGYTF_TCRBV09_TCRBJ01,-
CASSFSGTGVGNTIYF,0.00010125756267421225,TCRBV27,TCRBJ01,CASSFSGTGVGNTIYF_TCRBV27_TCRBJ01,-
CASSESRGLNTGELFF,0.00010125756267421225,TCRBV18,TCRBJ02,CASSESRGLNTGELFF_TCRBV18_TCRBJ02,-
CSATPGTVNTEAFF,9.98512076370704e-05,TCRBV20,TCRBJ01,CSATPGTVNTEAFF_TCRBV20_TCRBJ01,-
CASSDSAGGYNEQFF,9.98512076370704e-05,TCRBV06,TCRBJ02,CASSDSAGGYNEQFF_TCRBV06_TCRBJ02,-
CASSFRTSGSTQYF,9.703849756278672e-05,TCRBV05,TCRBJ02,CASSFRTSGSTQYF_TCRBV05_TCRBJ02,-
CASSLVLAANTGELFF,9.703849756278672e-05,TCRBV07,TCRBJ02,CASSLVLAANTGELFF_TCRBV07_TCRBJ02,-
CASSLDGSDTDTQYF,9.703849756278672e-05,TCRBV07,TCRBJ02,CASSLDGSDTDTQYF_TCRBV07_TCRBJ02,-
CASSLVSVQETQYF,9.563214252564489e-05,TCRBV05,TCRBJ02,CASSLVSVQETQYF_TCRBV05_TCRBJ02,-
CSARGDRNYEQYF,9.563214252564489e-05,TCRBV20,TCRBJ02,CSARGDRNYEQYF_TCRBV20_TCRBJ02,-
CASSPDRDGYTF,9.422578748850304e-05,TCRBV07,TCRBJ01,CASSPDRDGYTF_TCRBV07_TCRBJ01,-
CAWSRQIYGYTF,9.000672237707754e-05,TCRBV30,TCRBJ01,CAWSRQIYGYTF_TCRBV30_TCRBJ01,-
CASSLARQETQYF,8.86003673399357e-05,TCRBV07,TCRBJ02,CASSLARQETQYF_TCRBV07_TCRBJ02,-
CAWSVGTLNQPQHF,8.578765726565203e-05,TCRBV30,TCRBJ01,CAWSVGTLNQPQHF_TCRBV30_TCRBJ01,-
CSAEGGGYEQYF,8.297494719136836e-05,TCRBV20,TCRBJ02,CSAEGGGYEQYF_TCRBV20_TCRBJ02,-
CASSQGQGVPGELFF,8.297494719136836e-05,TCRBV04,TCRBJ02,CASSQGQGVPGELFF_TCRBV04_TCRBJ02,-
CASGRANYGYTF,8.156859215422652e-05,TCRBV05,TCRBJ01,CASGRANYGYTF_TCRBV05_TCRBJ01,-
CASRPGQGNTEAFF,8.016223711708468e-05,TCRBV05,TCRBJ01,CASRPGQGNTEAFF_TCRBV05_TCRBJ01,-
CASSVASGTGELFF,8.016223711708468e-05,TCRBV09,TCRBJ02,CASSVASGTGELFF_TCRBV09_TCRBJ02,-
CASSPGQRSYNEQFF,7.875588207994285e-05,TCRBV12,TCRBJ02,CASSPGQRSYNEQFF_TCRBV12_TCRBJ02,-
CASSSVWSYEQYF,7.875588207994285e-05,TCRBV11,TCRBJ02,CASSSVWSYEQYF_TCRBV11_TCRBJ02,-
CASRRGYTEAFF,7.734952704280101e-05,TCRBV28,TCRBJ01,CASRRGYTEAFF_TCRBV28_TCRBJ01,-
CASSLARGRNTGELFF,7.594317200565916e-05,TCRBV07,TCRBJ02,CASSLARGRNTGELFF_TCRBV07_TCRBJ02,-
CASSVEEGNYGYTF,7.453681696851734e-05,TCRBV09,TCRBJ01,CASSVEEGNYGYTF_TCRBV09_TCRBJ01,-
CSARSGGYEQYF,7.453681696851734e-05,TCRBV20,TCRBJ02,CSARSGGYEQYF_TCRBV20_TCRBJ02,-
CASSPDPARGYTF,7.453681696851734e-05,TCRBV11,TCRBJ01,CASSPDPARGYTF_TCRBV11_TCRBJ01,-
CASSVTGGAYEQYF,7.31304619313755e-05,TCRBV09,TCRBJ02,CASSVTGGAYEQYF_TCRBV09_TCRBJ02,-
CASSLGDIRYGYTF,7.31304619313755e-05,TCRBV11,TCRBJ01,CASSLGDIRYGYTF_TCRBV11_TCRBJ01,-
CASSRTGITDTQYF,7.172410689423365e-05,TCRBV06,TCRBJ02,CASSRTGITDTQYF_TCRBV06_TCRBJ02,-
CASSPSGGSSYEQYF,7.031775185709183e-05,TCRBV27,TCRBJ02,CASSPSGGSSYEQYF_TCRBV27_TCRBJ02,-
CASSGTENSYEQYF,7.031775185709183e-05,TCRBV28,TCRBJ02,CASSGTENSYEQYF_TCRBV28_TCRBJ02,-
CASSLDNEQFF,6.750504178280816e-05,TCRBV28,TCRBJ02,CASSLDNEQFF_TCRBV28_TCRBJ02,-
CAWTDSYEQYF,6.750504178280816e-05,TCRBV30,TCRBJ02,CAWTDSYEQYF_TCRBV30_TCRBJ02,-
CASSQTSGGRYEQYF,6.750504178280816e-05,TCRBV03,TCRBJ02,CASSQTSGGRYEQYF_TCRBV03_TCRBJ02,-
CASSLSGRREAFF,6.609868674566632e-05,TCRBV27,TCRBJ01,CASSLSGRREAFF_TCRBV27_TCRBJ01,-
CASSRGQGSYEQYF,6.609868674566632e-05,TCRBV07,TCRBJ02,CASSRGQGSYEQYF_TCRBV07_TCRBJ02,-
CASSSRLGDTQYF,6.609868674566632e-05,TCRBV11,TCRBJ02,CASSSRLGDTQYF_TCRBV11_TCRBJ02,-
CASSQLAGGSYNEQFF,6.469233170852447e-05,TCRBV09,TCRBJ02,CASSQLAGGSYNEQFF_TCRBV09_TCRBJ02,-
CASSSHNEQYF,6.469233170852447e-05,TCRBV06,TCRBJ02,CASSSHNEQYF_TCRBV06_TCRBJ02,-
CASSSSRYEQYF,6.469233170852447e-05,TCRBV07,TCRBJ02,CASSSSRYEQYF_TCRBV07_TCRBJ02,-
CASSPRTGGVDGYTF,6.469233170852447e-05,TCRBV18,TCRBJ01,CASSPRTGGVDGYTF_TCRBV18_TCRBJ01,-
CASSYRKTQYF,6.469233170852447e-05,TCRBV07,TCRBJ02,CASSYRKTQYF_TCRBV07_TCRBJ02,-
CSARDRTSGTYEQYF,6.469233170852447e-05,TCRBV20,TCRBJ02,CSARDRTSGTYEQYF_TCRBV20_TCRBJ02,-
CASSLPGVETQYF,6.187962163424081e-05,TCRBV28,TCRBJ02,CASSLPGVETQYF_TCRBV28_TCRBJ02,-
CASSGRGLSEAFF,6.187962163424081e-05,TCRBV28,TCRBJ01,CASSGRGLSEAFF_TCRBV28_TCRBJ01,-
CASSQDLESYEQYF,6.047326659709897e-05,TCRBV04,TCRBJ02,CASSQDLESYEQYF_TCRBV04_TCRBJ02,-
CASSQGTGITGELFF,6.047326659709897e-05,TCRBV07,TCRBJ02,CASSQGTGITGELFF_TCRBV07_TCRBJ02,-
CASSDSGADTQYF,6.047326659709897e-05,TCRBV09,TCRBJ02,CASSDSGADTQYF_TCRBV09_TCRBJ02,-
CASSDSAGGYNEQFF,5.906691155995714e-05,TCRBV06,TCRBJ02,CASSDSAGGYNEQFF_TCRBV06_TCRBJ02,-
CASSPPNTGELFF,5.906691155995714e-05,TCRBV18,TCRBJ02,CASSPPNTGELFF_TCRBV18_TCRBJ02,-
CASILGGSNTEAFF,5.766055652281529e-05,TCRBV06,TCRBJ01,CASILGGSNTEAFF_TCRBV06_TCRBJ01,-
CASSPTGQGGNTEAFF,5.766055652281529e-05,TCRBV02,TCRBJ01,CASSPTGQGGNTEAFF_TCRBV02_TCRBJ01,-
CASSISGRFYEQYF,5.766055652281529e-05,TCRBV19,TCRBJ02,CASSISGRFYEQYF_TCRBV19_TCRBJ02,-
CASSTAGASYNEQFF,5.766055652281529e-05,TCRBV28,TCRBJ02,CASSTAGASYNEQFF_TCRBV28_TCRBJ02,-
CASSLAWNTEAFF,5.766055652281529e-05,TCRBV11,TCRBJ01,CASSLAWNTEAFF_TCRBV11_TCRBJ01,-
CSAAGTGYTEAFF,5.625420148567346e-05,TCRBV20,TCRBJ01,CSAAGTGYTEAFF_TCRBV20_TCRBJ01,-
CASREGTGNTEAFF,5.484784644853162e-05,TCRBV28,TCRBJ01,CASREGTGNTEAFF_TCRBV28_TCRBJ01,-
CASSLSTTGYEQYF,5.484784644853162e-05,TCRBV07,TCRBJ02,CASSLSTTGYEQYF_TCRBV07_TCRBJ02,-
CASRGRPEAFF,5.344149141138979e-05,TCRBV28,TCRBJ01,CASRGRPEAFF_TCRBV28_TCRBJ01,-
CASSLLAGSTDTQYF,5.344149141138979e-05,TCRBV10,TCRBJ02,CASSLLAGSTDTQYF_TCRBV10_TCRBJ02,-
CASSLLGDQPQHF,5.344149141138979e-05,TCRBV27,TCRBJ01,CASSLLGDQPQHF_TCRBV27_TCRBJ01,-
CASSAYDYGYTF,4.922242629996428e-05,TCRBV09,TCRBJ01,CASSAYDYGYTF_TCRBV09_TCRBJ01,-
CASSPGPAGSYNEQFF,4.922242629996428e-05,TCRBV07,TCRBJ02,CASSPGPAGSYNEQFF_TCRBV07_TCRBJ02,-
CASSSGQGAYEKLFF,4.922242629996428e-05,TCRBV09,TCRBJ01,CASSSGQGAYEKLFF_TCRBV09_TCRBJ01,-
CASSPLRYNEQFF,4.781607126282244e-05,TCRBV06,TCRBJ02,CASSPLRYNEQFF_TCRBV06_TCRBJ02,-
CSARGTTYNEQFF,4.781607126282244e-05,TCRBV20,TCRBJ02,CSARGTTYNEQFF_TCRBV20_TCRBJ02,-
CASSLTGGLKTQYF,4.640971622568061e-05,TCRBV28,TCRBJ02,CASSLTGGLKTQYF_TCRBV28_TCRBJ02,-
CASSSLAGGENEQFF,4.640971622568061e-05,TCRBV05,TCRBJ02,CASSSLAGGENEQFF_TCRBV05_TCRBJ02,-
CASSLGSGEQYF,4.500336118853877e-05,TCRBV27,TCRBJ02,CASSLGSGEQYF_TCRBV27_TCRBJ02,-
CASSVRGGSPDTQYF,4.359700615139693e-05,TCRBV09,TCRBJ02,CASSVRGGSPDTQYF_TCRBV09_TCRBJ02,-
CASSLAQGLGEQYF,4.078429607711326e-05,TCRBV05,TCRBJ02,CASSLAQGLGEQYF_TCRBV05_TCRBJ02,-
CASSQLAGETDTQYF,3.9377941039971424e-05,TCRBV25,TCRBJ02,CASSQLAGETDTQYF_TCRBV25_TCRBJ02,-
CASSFRLAASYEQYF,3.797158600282959e-05,TCRBV27,TCRBJ02,CASSFRLAASYEQYF_TCRBV27_TCRBJ02,-
CASSLTGAAETQYF,3.797158600282959e-05,TCRBV06,TCRBJ02,CASSLTGAAETQYF_TCRBV06_TCRBJ02,-
CASSGLAGVTDTQYF,3.656523096568775e-05,TCRBV09,TCRBJ02,CASSGLAGVTDTQYF_TCRBV09_TCRBJ02,-
CASSTTGTGPYEQYF,3.656523096568775e-05,TCRBV09,TCRBJ02,CASSTTGTGPYEQYF_TCRBV09_TCRBJ02,-
CASSLGQGYEAFF,3.5158875928545914e-05,TCRBV11,TCRBJ01,CASSLGQGYEAFF_TCRBV11_TCRBJ01,-
CASSYPGTGDTDTQYF,3.2346165854262234e-05,TCRBV06,TCRBJ02,CASSYPGTGDTDTQYF_TCRBV06_TCRBJ02,-
CASSRTEETQYF,3.2346165854262234e-05,TCRBV03,TCRBJ02,CASSRTEETQYF_TCRBV03_TCRBJ02,-
CASSFGWNEQFF,3.2346165854262234e-05,TCRBV27,TCRBJ02,CASSFGWNEQFF_TCRBV27_TCRBJ02,-
CASSLGGTSQYF,3.2346165854262234e-05,TCRBV14,TCRBJ02,CASSLGGTSQYF_TCRBV14_TCRBJ02,-
CSARDRTSGTYEQYF,3.2346165854262234e-05,TCRBV20,TCRBJ02,CSARDRTSGTYEQYF_TCRBV20_TCRBJ02,-
CASSSRRDSSYNEQFF,3.0939810817120404e-05,TCRBV28,TCRBJ02,CASSSRRDSSYNEQFF_TCRBV28_TCRBJ02,-
CASSLQGNSPLHF,3.0939810817120404e-05,TCRBV05,TCRBJ01,CASSLQGNSPLHF_TCRBV05_TCRBJ01,-
CASSFRGIHEQYF,2.953345577997857e-05,TCRBV12,TCRBJ02,CASSFRGIHEQYF_TCRBV12_TCRBJ02,-
CASSHGTDYNSPLHF,2.5314390668553048e-05,TCRBV06,TCRBJ01,CASSHGTDYNSPLHF_TCRBV06_TCRBJ01,-
CASSSGGSTGELFF,2.5314390668553048e-05,TCRBV11,TCRBJ02,CASSSGGSTGELFF_TCRBV11_TCRBJ02,-
CASSSSGTGNSPLHF,2.390803563141122e-05,TCRBV07,TCRBJ01,CASSSSGTGNSPLHF_TCRBV07_TCRBJ01,-
CASSSGGYYGYTF,2.2501680594269385e-05,TCRBV07,TCRBJ01,CASSSGGYYGYTF_TCRBV07_TCRBJ01,-
CASSFRGREQYF,2.2501680594269385e-05,TCRBV12,TCRBJ02,CASSFRGREQYF_TCRBV12_TCRBJ02,-
CASSMGQGNIQYF,2.2501680594269385e-05,TCRBV28,TCRBJ02,CASSMGQGNIQYF_TCRBV28_TCRBJ02,-
CASSLNGGSEQFF,2.2501680594269385e-05,TCRBV11,TCRBJ02,CASSLNGGSEQFF_TCRBV11_TCRBJ02,-
CASRGDGGNQPQHF,1.687626044570204e-05,TCRBV06,TCRBJ01,CASRGDGGNQPQHF_TCRBV06_TCRBJ01,-
CASSRPGRLTDTQYF,1.5469905408560202e-05,TCRBV09,TCRBJ02,CASSRPGRLTDTQYF_TCRBV09_TCRBJ02,-
CASSLLAGVGTDTQYF,1.1250840297134693e-05,TCRBV28,TCRBJ02,CASSLLAGVGTDTQYF_TCRBV28_TCRBJ02,-
CASSPRTSGNEQFF,1.1250840297134693e-05,TCRBV27,TCRBJ02,CASSPRTSGNEQFF_TCRBV27_TCRBJ02,-
CSSSPDRDGYTF,1.1250840297134693e-05,TCRBV07,TCRBJ01,CSSSPDRDGYTF_TCRBV07_TCRBJ01,-
CASSPGSGGRYNEQFF,9.844485259992856e-06,TCRBV07,TCRBJ02,CASSPGSGGRYNEQFF_TCRBV07_TCRBJ02,-
CASSAYSEAFF,8.43813022285102e-06,TCRBV05,TCRBJ01,CASSAYSEAFF_TCRBV05_TCRBJ01,-
CASSRTGGLETQYF,8.43813022285102e-06,TCRBV19,TCRBJ02,CASSRTGGLETQYF_TCRBV19_TCRBJ02,-
CASSSRGGSEAFF,8.43813022285102e-06,TCRBV07,TCRBJ01,CASSSRGGSEAFF_TCRBV07_TCRBJ01,-
CASSGGAYNSPLHF,8.43813022285102e-06,TCRBV25,TCRBJ01,CASSGGAYNSPLHF_TCRBV25_TCRBJ01,-
CASSLTGGNSPLHF,8.43813022285102e-06,TCRBV27,TCRBJ01,CASSLTGGNSPLHF_TCRBV27_TCRBJ01,-
CASSSSRYEQYF,8.43813022285102e-06,TCRBV07,TCRBJ02,CASSSSRYEQYF_TCRBV07_TCRBJ02,-
CASSLQGANYGYTF,8.43813022285102e-06,TCRBV27,TCRBJ01,CASSLQGANYGYTF_TCRBV27_TCRBJ01,-
CASSVDSYTGELFF,7.031775185709183e-06,TCRBV09,TCRBJ02,CASSVDSYTGELFF_TCRBV09_TCRBJ02,-
CASSRLYEQYF,7.031775185709183e-06,TCRBV03,TCRBJ02,CASSRLYEQYF_TCRBV03_TCRBJ02,-
CASRGGEAFF,5.625420148567346e-06,TCRBV06,TCRBJ01,CASRGGEAFF_TCRBV06_TCRBJ01,-
CASSDPGQGSGANVLTF,5.625420148567346e-06,TCRBV09,TCRBJ02,CASSDPGQGSGANVLTF_TCRBV09_TCRBJ02,-
CASSLVDFSYEQYF,5.625420148567346e-06,TCRBV05,TCRBJ02,CASSLVDFSYEQYF_TCRBV05_TCRBJ02,-
CASSRTGASPLHF,5.625420148567346e-06,TCRBV05,TCRBJ01,CASSRTGASPLHF_TCRBV05_TCRBJ01,-
CASSLQGTNYGYTF,5.625420148567346e-06,TCRBV27,TCRBJ01,CASSLQGTNYGYTF_TCRBV27_TCRBJ01,-
CASSKNTYEQYF,5.625420148567346e-06,TCRBV06,TCRBJ02,CASSKNTYEQYF_TCRBV06_TCRBJ02,-
CSARDRTSGTYEQYF,5.625420148567346e-06,TCRBV20,TCRBJ02,CSARDRTSGTYEQYF_TCRBV20_TCRBJ02,-
CASSGTENSYEQYF,4.21906511142551e-06,TCRBV28,TCRBJ02,CASSGTENSYEQYF_TCRBV28_TCRBJ02,-
CASSQTSGGRYEQYF,4.21906511142551e-06,TCRBV03,TCRBJ02,CASSQTSGGRYEQYF_TCRBV03_TCRBJ02,-
CASSTGRPNTEAFF,2.812710074283673e-06,TCRBV05,TCRBJ01,CASSTGRPNTEAFF_TCRBV05_TCRBJ01,-
CASSLGGYTF,2.812710074283673e-06,TCRBV05,TCRBJ01,CASSLGGYTF_TCRBV05_TCRBJ01,-
CASSLLGPDEQYF,2.812710074283673e-06,TCRBV05,TCRBJ02,CASSLLGPDEQYF_TCRBV05_TCRBJ02,-
CASSLQGANYGYTF,2.812710074283673e-06,TCRBV27,TCRBJ01,CASSLQGANYGYTF_TCRBV27_TCRBJ01,-
CASRYGGEQYF,2.812710074283673e-06,TCRBV06,TCRBJ02,CASRYGGEQYF_TCRBV06_TCRBJ02,-
CASSFRGREQYF,2.812710074283673e-06,TCRBV12,TCRBJ02,CASSFRGREQYF_TCRBV12_TCRBJ02,-
CASSKNPYEQYF,2.812710074283673e-06,TCRBV06,TCRBJ02,CASSKNPYEQYF_TCRBV06_TCRBJ02,-
CASSFRGIHEQYF,2.812710074283673e-06,TCRBV12,TCRBJ02,CASSFRGIHEQYF_TCRBV12_TCRBJ02,-
